{"cameraMode":{"drawMode":0,"name":"Shaded","section":"Shading Mode"},"sceneLighting":true,"audioPlay":false,"sceneViewState":{"m_AlwaysRefresh":false,"showFog":true,"showSkybox":true,"showFlares":true,"showImageEffects":true,"showParticleSystems":true,"showVisualEffectGraphs":true,"m_FxEnabled":true},"in2DMode":false,"pivot":{"x":418.82525634765627,"y":8.367020606994629,"z":320.56732177734377},"rotation":{"x":0.19807443022727967,"y":-0.2055741548538208,"z":0.04252859950065613,"w":0.9574461579322815},"size":4.045989513397217,"orthographic":true}