{"cameraMode":{"drawMode":0,"name":"Shaded","section":"Shading Mode"},"sceneLighting":false,"audioPlay":false,"sceneViewState":{"m_AlwaysRefresh":false,"showFog":true,"showSkybox":false,"showFlares":true,"showImageEffects":true,"showParticleSystems":true,"showVisualEffectGraphs":true,"m_FxEnabled":true},"in2DMode":false,"pivot":{"x":-0.010129004716873169,"y":0.3484393358230591,"z":0.059969544410705569},"rotation":{"x":0.24265538156032563,"y":-0.141701340675354,"z":0.03583366423845291,"w":0.9590596556663513},"size":0.790327787399292,"orthographic":false}